Model Name,Model Base Class,Model Card
langid_ambernet,EncDecSpeakerLabelModel,"https://catalog.ngc.nvidia.com/orgs/nvidia/teams/nemo/models/langid_ambernet"
vad_multilingual_marblenet,EncDecClassificationModel,"https://catalog.ngc.nvidia.com/orgs/nvidia/teams/nemo/models/vad_multilingual_marblenet"
vad_marblenet,EncDecClassificationModel,"https://ngc.nvidia.com/catalog/models/nvidia:nemo:vad_marblenet"
vad_telephony_marblenet,EncDecClassificationModel,"https://ngc.nvidia.com/catalog/models/nvidia:nemo:vad_telephony_marblenet"
commandrecognition_en_matchboxnet3x1x64_v1,EncDecClassificationModel,"https://ngc.nvidia.com/catalog/models/nvidia:nemo:commandrecognition_en_matchboxnet3x1x64_v1"
commandrecognition_en_matchboxnet3x2x64_v1,EncDecClassificationModel,"https://ngc.nvidia.com/catalog/models/nvidia:nemo:commandrecognition_en_matchboxnet3x2x64_v1"
commandrecognition_en_matchboxnet3x1x64_v2,EncDecClassificationModel,"https://ngc.nvidia.com/catalog/models/nvidia:nemo:commandrecognition_en_matchboxnet3x1x64_v2"
commandrecognition_en_matchboxnet3x2x64_v2,EncDecClassificationModel,"https://ngc.nvidia.com/catalog/models/nvidia:nemo:commandrecognition_en_matchboxnet3x2x64_v2"
commandrecognition_en_matchboxnet3x1x64_v2_subset_task,EncDecClassificationModel,"https://ngc.nvidia.com/catalog/models/nvidia:nemo:commandrecognition_en_matchboxnet3x1x64_v2_subset_task"
commandrecognition_en_matchboxnet3x2x64_v2_subset_task,EncDecClassificationModel,"https://ngc.nvidia.com/catalog/models/nvidia:nemo:commandrecognition_en_matchboxnet3x2x64_v2_subset_task"