Model Name,Model Base Class,Model Card
QuartzNet15x5Base-En,EncDecCTCModel,"https://ngc.nvidia.com/catalog/models/nvidia:nemospeechmodels"
stt_en_jasper10x5dr,EncDecCTCModel,"https://ngc.nvidia.com/catalog/models/nvidia:nemo:stt_en_jasper10x5dr"
stt_en_citrinet_256,EncDecCTCModelBPE,"https://ngc.nvidia.com/catalog/models/nvidia:nemo:stt_en_citrinet_256"
stt_en_citrinet_512,EncDecCTCModelBPE,"https://ngc.nvidia.com/catalog/models/nvidia:nemo:stt_en_citrinet_512"
stt_en_citrinet_1024,EncDecCTCModelBPE,"https://ngc.nvidia.com/catalog/models/nvidia:nemo:stt_en_citrinet_1024"
stt_en_citrinet_256_gamma_0_25,EncDecCTCModelBPE,"https://ngc.nvidia.com/catalog/models/nvidia:nemo:stt_en_citrinet_256_gamma_0_25"
stt_en_citrinet_512_gamma_0_25,EncDecCTCModelBPE,"https://ngc.nvidia.com/catalog/models/nvidia:nemo:stt_en_citrinet_512_gamma_0_25"
stt_en_citrinet_1024_gamma_0_25,EncDecCTCModelBPE,"https://ngc.nvidia.com/catalog/models/nvidia:nemo:stt_en_citrinet_1024_gamma_0_25"
stt_en_contextnet_256_mls,EncDecRNNTBPEModel,"https://ngc.nvidia.com/catalog/models/nvidia:nemo:stt_en_contextnet_256_mls"
stt_en_contextnet_512_mls,EncDecRNNTBPEModel,"https://ngc.nvidia.com/catalog/models/nvidia:nemo:stt_en_contextnet_512_mls"
stt_en_contextnet_1024_mls,EncDecRNNTBPEModel,"https://ngc.nvidia.com/catalog/models/nvidia:nemo:stt_en_contextnet_1024_mls"
stt_en_contextnet_256,EncDecRNNTBPEModel,"https://ngc.nvidia.com/catalog/models/nvidia:nemo:stt_en_contextnet_256"
stt_en_contextnet_512,EncDecRNNTBPEModel,"https://ngc.nvidia.com/catalog/models/nvidia:nemo:stt_en_contextnet_512"
stt_en_contextnet_1024,EncDecRNNTBPEModel,"https://ngc.nvidia.com/catalog/models/nvidia:nemo:stt_en_contextnet_1024"
stt_en_conformer_ctc_small,EncDecCTCModelBPE,"https://ngc.nvidia.com/catalog/models/nvidia:nemo:stt_en_conformer_ctc_small"
stt_en_conformer_ctc_medium,EncDecCTCModelBPE,"https://ngc.nvidia.com/catalog/models/nvidia:nemo:stt_en_conformer_ctc_medium"
stt_en_conformer_ctc_large,EncDecCTCModelBPE,"https://ngc.nvidia.com/catalog/models/nvidia:nemo:stt_en_conformer_ctc_large"
stt_en_conformer_ctc_xlarge,EncDecCTCModelBPE,"https://ngc.nvidia.com/catalog/models/nvidia:nemo:stt_en_conformer_ctc_xlarge"
stt_en_conformer_ctc_small_ls,EncDecCTCModelBPE,"https://ngc.nvidia.com/catalog/models/nvidia:nemo:stt_en_conformer_ctc_small_ls"
stt_en_conformer_ctc_medium_ls,EncDecCTCModelBPE,"https://ngc.nvidia.com/catalog/models/nvidia:nemo:stt_en_conformer_ctc_medium_ls"
stt_en_conformer_ctc_large_ls,EncDecCTCModelBPE,"https://ngc.nvidia.com/catalog/models/nvidia:nemo:stt_en_conformer_ctc_large_ls"
stt_en_conformer_transducer_large_ls,EncDecRNNTBPEModel,"https://ngc.nvidia.com/catalog/models/nvidia:nemo:stt_en_conformer_transducer_large_ls"
stt_en_conformer_transducer_small,EncDecRNNTBPEModel,"https://ngc.nvidia.com/catalog/models/nvidia:nemo:stt_en_conformer_transducer_small"
stt_en_conformer_transducer_medium,EncDecRNNTBPEModel,"https://ngc.nvidia.com/catalog/models/nvidia:nemo:stt_en_conformer_transducer_medium"
stt_en_conformer_transducer_large,EncDecRNNTBPEModel,"https://ngc.nvidia.com/catalog/models/nvidia:nemo:stt_en_conformer_transducer_large"
stt_en_conformer_transducer_xlarge,EncDecRNNTBPEModel,"https://ngc.nvidia.com/catalog/models/nvidia:nemo:stt_en_conformer_transducer_xlarge"
stt_en_conformer_transducer_xxlarge,EncDecRNNTBPEModel,"https://ngc.nvidia.com/catalog/models/nvidia:nemo:stt_en_conformer_transducer_xxlarge"
stt_en_fastconformer_ctc_large_ls,EncDecCTCModelBPE,"https://ngc.nvidia.com/catalog/models/nvidia:nemo:stt_en_fastconformer_ctc_large_ls"
stt_en_fastconformer_transducer_large_ls,EncDecRNNTBPEModel,"https://ngc.nvidia.com/catalog/models/nvidia:nemo:stt_en_fastconformer_transducer_large_ls"
stt_en_fastconformer_transducer_large,EncDecRNNTBPEModel,"https://ngc.nvidia.com/catalog/models/nvidia:nemo:stt_en_fastconformer_transducer_large"
stt_en_fastconformer_ctc_large,EncDecCTCModelBPE,"https://ngc.nvidia.com/catalog/models/nvidia:nemo:stt_en_fastconformer_ctc_large"
stt_en_fastconformer_hybrid_large_pc,EncDecHybridRNNTCTCBPEModel,"https://ngc.nvidia.com/catalog/models/nvidia:nemo:stt_en_fastconformer_hybrid_large_pc"
stt_en_fastconformer_transducer_xlarge,EncDecRNNTBPEModel,"https://ngc.nvidia.com/catalog/models/nvidia:nemo:stt_en_fastconformer_transducer_xlarge"
stt_en_fastconformer_ctc_xlarge,EncDecCTCModelBPE,"https://ngc.nvidia.com/catalog/models/nvidia:nemo:stt_en_fastconformer_ctc_xlarge"
stt_en_fastconformer_transducer_xxlarge,EncDecRNNTBPEModel,"https://ngc.nvidia.com/catalog/models/nvidia:nemo:stt_en_fastconformer_transducer_xxlarge"
stt_en_fastconformer_ctc_xxlarge,EncDecCTCModelBPE,"https://ngc.nvidia.com/catalog/models/nvidia:nemo:stt_en_fastconformer_ctc_xxlarge"
stt_en_fastconformer_hybrid_large_streaming_80ms,EncDecHybridRNNTCTCBPEModel,"https://ngc.nvidia.com/catalog/models/nvidia:nemo:stt_en_fastconformer_hybrid_large_streaming_80ms"
stt_en_fastconformer_hybrid_large_streaming_480ms,EncDecHybridRNNTCTCBPEModel,"https://ngc.nvidia.com/catalog/models/nvidia:nemo:stt_en_fastconformer_hybrid_large_streaming_480ms"
stt_en_fastconformer_hybrid_large_streaming_1040ms,EncDecHybridRNNTCTCBPEModel,"https://ngc.nvidia.com/catalog/models/nvidia:nemo:stt_en_fastconformer_hybrid_large_streaming_1040ms"
stt_en_fastconformer_hybrid_large_streaming_multi,EncDecHybridRNNTCTCBPEModel,"https://ngc.nvidia.com/catalog/models/nvidia:nemo:stt_en_fastconformer_hybrid_large_streaming_multi"
