Model Name,Language,EuroParl Test Set (en),Fisher Test Set (en),Librispeech Dev-Clean,Librispeech Dev-Other,Librispeech Test-Clean,Librispeech Test-Other,MCV Test-Set v11.0 (en),MCV Test-Set v8.0 (en),MLS Dev (en),MLS Test (en),NSC Part1,NSC Part6,Peoples Speech Test v1,SLR 83 Test,SPGI Test,VoxPopuli Test (en),WSJ Dev 93,WSJ Eval 92
stt_en_squeezeformer_ctc_xsmall_ls,en,,,3.6 %,9.7 %,3.8 %,9.4 %,,,,,,,,,,,,
stt_en_squeezeformer_ctc_small_ls,en,,,2.9 %,7.4 %,3.1 %,7.4 %,,,,,,,,,,,,
stt_en_squeezeformer_ctc_small_medium_ls,en,,,2.7 %,7.0 %,2.8 %,7.1 %,,,,,,,,,,,,
stt_en_squeezeformer_ctc_medium_ls,en,,,2.4 %,6.2 %,2.6 %,6.3 %,,,,,,,,,,,,
stt_en_squeezeformer_ctc_medium_large_ls,en,,,2.3 %,6.0 %,2.5 %,5.9 %,,,,,,,,,,,,
stt_en_squeezeformer_ctc_large_ls,en,,,2.3 %,5.7 %,2.4 %,5.7 %,,,,,,,,,,,,
